{
  "_fv": 43,
  "_type": "recipe",
  "definition": {
    "recipeType": "Smelting",
    "recipeRetstackSize": 1,
    "group": "",
    "cookingBookCategory": "MISC",
    "xpReward": 0.7999999999999999,
    "cookingTime": 200,
    "craftingBookCategory": "MISC",
    "recipeShapeless": false,
    "smeltingInputStack": {
      "value": "CUSTOM:Chakranite"
    },
    "smeltingReturnStack": {
      "value": "CUSTOM:ChakraniteIngot"
    },
    "name": "chakranite_ore_smelting",
    "namespace": "mod"
  }
}