{
  "_fv": 43,
  "_type": "tool",
  "definition": {
    "renderType": 2,
    "texture": "nicirinswordtexture",
    "customModelName": "nichirinsword:default",
    "name": "Nichirin",
    "specialInfo": [],
    "creativeTab": {
      "value": "CUSTOM:Demonslayer"
    },
    "toolType": "Sword",
    "harvestLevel": 1,
    "efficiency": 4.0,
    "attackSpeed": 1.0,
    "enchantability": 2,
    "damageVsEntity": 4.0,
    "usageCount": 100,
    "blocksAffected": [],
    "hasGlow": false,
    "repairItems": [],
    "immuneToFire": false,
    "stayInGridWhenCrafting": false,
    "damageOnCrafting": false
  }
}