{
  "_fv": 43,
  "_type": "curiosbauble",
  "definition": {
    "renderType": 2,
    "texture": "joedevsettexture",
    "customModelName": "joedevsetbackup:default",
    "name": "Ears",
    "rarity": "COMMON",
    "slotType": "HEAD",
    "baubleModel": "Default",
    "baubleModelTexture": "joedevsettexture.png",
    "creativeTab": {
      "value": "No creative tab entry"
    },
    "stackSize": 64,
    "enchantability": 0,
    "useDuration": 0,
    "toolType": 1.0,
    "damageCount": 0,
    "recipeRemainder": {
      "value": ""
    },
    "destroyAnyBlock": false,
    "immuneToFire": false,
    "stayInGridWhenCrafting": false,
    "damageOnCrafting": false,
    "enableMeleeDamage": false,
    "addSlot": true,
    "damageVsEntity": 0.0,
    "specialInfo": [],
    "hasGlow": false,
    "guiBoundTo": "<NONE>",
    "inventorySize": 9,
    "inventoryStackSize": 64,
    "slotAmount": 1,
    "isFood": false,
    "friendlyPigs": true,
    "enderMask": true,
    "rotateModel": false,
    "translateModel": false,
    "nutritionalValue": 4,
    "saturation": 0.3,
    "eatResultItem": {
      "value": ""
    },
    "isMeat": false,
    "isAlwaysEdible": false,
    "hasModel": false,
    "animation": "none"
  }
}