{
  "_fv": 43,
  "_type": "curiosbauble",
  "definition": {
    "renderType": 1,
    "texture": "blueleafheadband_texture",
    "customModelName": "blue_headband_leaf:default",
    "name": "Headband",
    "rarity": "COMMON",
    "slotType": "HEAD",
    "baubleModel": "Modelblueleafheadband",
    "baubleModelTexture": "blueleafheadband_texture.png",
    "creativeTab": {
      "value": "CUSTOM:Naruto"
    },
    "stackSize": 64,
    "enchantability": 0,
    "useDuration": 0,
    "toolType": 1.0,
    "damageCount": 0,
    "recipeRemainder": {
      "value": ""
    },
    "destroyAnyBlock": false,
    "immuneToFire": false,
    "stayInGridWhenCrafting": false,
    "damageOnCrafting": false,
    "enableMeleeDamage": false,
    "addSlot": true,
    "damageVsEntity": 0.0,
    "specialInfo": [],
    "hasGlow": false,
    "guiBoundTo": "<NONE>",
    "inventorySize": 9,
    "inventoryStackSize": 1,
    "slotAmount": 1,
    "isFood": false,
    "friendlyPigs": false,
    "enderMask": false,
    "rotateModel": false,
    "translateModel": true,
    "nutritionalValue": 69,
    "saturation": 69.0,
    "eatResultItem": {
      "value": ""
    },
    "isMeat": false,
    "isAlwaysEdible": false,
    "hasModel": true,
    "animation": "none"
  }
}