{
  "_fv": 43,
  "_type": "tool",
  "definition": {
    "renderType": 1,
    "texture": "kubikiribocho_texture",
    "customModelName": "kubikiribocho:default",
    "name": "Kubikiribocho",
    "specialInfo": [],
    "creativeTab": {
      "value": "CUSTOM:Naruto"
    },
    "toolType": "Sword",
    "harvestLevel": 1,
    "efficiency": 4.0,
    "attackSpeed": 0.5,
    "enchantability": 15,
    "damageVsEntity": 20.0,
    "usageCount": 1000,
    "blocksAffected": [],
    "hasGlow": false,
    "repairItems": [],
    "immuneToFire": false,
    "stayInGridWhenCrafting": false,
    "damageOnCrafting": false
  }
}