{
  "_fv": 43,
  "_type": "gui",
  "definition": {
    "type": 0,
    "width": 183,
    "height": 220,
    "inventoryOffsetX": 0,
    "inventoryOffsetY": 0,
    "renderBgLayer": true,
    "doesPauseGame": true,
    "components": [
      {
        "type": "image",
        "data": {
          "image": "menunarudone.png",
          "use1Xscale": false,
          "x": 122,
          "y": 9
        }
      },
      {
        "type": "button",
        "data": {
          "name": "button_select_anime",
          "text": "select anime",
          "width": 87,
          "height": 20,
          "x": 171,
          "y": 196
        }
      }
    ],
    "gridSettings": {
      "sx": 19,
      "sy": 18,
      "ox": 1,
      "oy": 1,
      "snapOnGrid": false
    }
  }
}