{
  "_fv": 43,
  "_type": "armor",
  "definition": {
    "enableHelmet": true,
    "textureHelmet": "profile_joejoevt",
    "enableBody": true,
    "textureBody": "profile_joejoevt",
    "enableLeggings": false,
    "textureLeggings": "",
    "enableBoots": false,
    "textureBoots": "",
    "creativeTab": {
      "value": "CUSTOM:DevItems"
    },
    "armorTextureFile": "sweatjacket_texture_",
    "helmetName": "Michiru's hood",
    "bodyName": "Michiru's Sweatjacket",
    "leggingsName": "Michiru Leggings",
    "bootsName": "Michiru Boots",
    "helmetSpecialInfo": [],
    "bodySpecialInfo": [],
    "leggingsSpecialInfo": [],
    "bootsSpecialInfo": [],
    "helmetModelName": "ModelSweatJacket",
    "helmetModelPart": "armorHead",
    "helmetModelTexture": "sweatjacket_texture.png",
    "bodyModelName": "ModelSweatJacket",
    "bodyModelPart": "armorBody",
    "armsModelPartL": "armorLeftArm",
    "armsModelPartR": "armorRightArm",
    "bodyModelTexture": "sweatjacket_texture.png",
    "leggingsModelName": "Default",
    "leggingsModelPartL": "Leggings L",
    "leggingsModelPartR": "Leggings R",
    "leggingsModelTexture": "From armor",
    "bootsModelName": "Default",
    "bootsModelPartL": "Boots L",
    "bootsModelPartR": "Boots R",
    "bootsModelTexture": "From armor",
    "helmetItemRenderType": 0,
    "helmetItemCustomModelName": "Normal",
    "bodyItemRenderType": 0,
    "bodyItemCustomModelName": "Normal",
    "leggingsItemRenderType": 0,
    "leggingsItemCustomModelName": "Normal",
    "bootsItemRenderType": 0,
    "bootsItemCustomModelName": "Normal",
    "helmetImmuneToFire": true,
    "bodyImmuneToFire": true,
    "leggingsImmuneToFire": false,
    "bootsImmuneToFire": false,
    "maxDamage": 43,
    "damageValueHelmet": 50,
    "damageValueBody": 50,
    "damageValueLeggings": 5,
    "damageValueBoots": 2,
    "enchantability": 100,
    "toughness": 5.0,
    "knockbackResistance": 1.0,
    "equipSound": {
      "value": ""
    },
    "repairItems": []
  }
}