{
  "_fv": 43,
  "_type": "curiosbauble",
  "definition": {
    "renderType": 1,
    "texture": "kusanagi_texturepurple",
    "customModelName": "purple_kusanagi:default",
    "name": "Purple Kusanagi Bauble",
    "rarity": "COMMON",
    "slotType": "HEAD",
    "baubleModel": "ModelPurple_Kusanagi_Converted",
    "baubleModelTexture": "kusanagi_texturepurple.png",
    "creativeTab": {
      "value": "MISC"
    },
    "stackSize": 64,
    "enchantability": 0,
    "useDuration": 0,
    "toolType": 1.0,
    "damageCount": 0,
    "recipeRemainder": {
      "value": ""
    },
    "destroyAnyBlock": false,
    "immuneToFire": false,
    "stayInGridWhenCrafting": false,
    "damageOnCrafting": false,
    "enableMeleeDamage": false,
    "addSlot": true,
    "damageVsEntity": 0.0,
    "specialInfo": [],
    "hasGlow": false,
    "guiBoundTo": "<NONE>",
    "inventorySize": 9,
    "inventoryStackSize": 64,
    "slotAmount": 1,
    "isFood": false,
    "friendlyPigs": false,
    "enderMask": false,
    "rotateModel": false,
    "translateModel": false,
    "nutritionalValue": 4,
    "saturation": 0.3,
    "eatResultItem": {
      "value": ""
    },
    "isMeat": false,
    "isAlwaysEdible": false,
    "hasModel": true,
    "animation": "none"
  }
}