{
  "_fv": 43,
  "_type": "tool",
  "definition": {
    "renderType": 1,
    "texture": "kusanagi_texturewhite",
    "customModelName": "white_kusanagi:default",
    "name": "White Kusanagi",
    "specialInfo": [],
    "creativeTab": {
      "value": "CUSTOM:Naruto"
    },
    "toolType": "Sword",
    "harvestLevel": 4,
    "efficiency": 4.0,
    "attackSpeed": 1.0,
    "enchantability": 15,
    "damageVsEntity": 8.0,
    "usageCount": 500,
    "blocksAffected": [],
    "hasGlow": false,
    "repairItems": [],
    "immuneToFire": true,
    "stayInGridWhenCrafting": false,
    "damageOnCrafting": false
  }
}