{
	"credit": "Made with Blockbench",
	"texture_size": [32, 32],
	"textures": {
		"0": "block/kubikiribocho_texture",
		"particle": "block/kubikiribocho_texture"
	},
	"elements": [
		{
			"from": [5.2, 5.05, 1.55],
			"to": [10.3, 5.9, 11.1],
			"rotation": {"angle": 0, "axis": "y", "origin": [0, -5.5, 0]},
			"faces": {
				"north": {"uv": [7.5, 0.5, 10, 1], "texture": "#0"},
				"east": {"uv": [5, 3.5, 9.75, 4], "texture": "#0"},
				"south": {"uv": [7.5, 1, 10, 1.5], "texture": "#0"},
				"west": {"uv": [5, 4, 9.75, 4.5], "texture": "#0"},
				"up": {"uv": [2.5, 4.75, 0, 0], "texture": "#0"},
				"down": {"uv": [5, 0, 2.5, 4.75], "texture": "#0"}
			}
		},
		{
			"from": [5.2, 5.05, -1.65],
			"to": [6.8, 5.9, 1.55],
			"rotation": {"angle": 0, "axis": "y", "origin": [0, -5.5, 0]},
			"faces": {
				"north": {"uv": [4.5, 11.5, 5.25, 12], "texture": "#0"},
				"east": {"uv": [3.5, 8.5, 5, 9], "texture": "#0"},
				"south": {"uv": [11.5, 5, 12.25, 5.5], "texture": "#0"},
				"west": {"uv": [3.5, 9, 5, 9.5], "texture": "#0"},
				"up": {"uv": [5.75, 9.5, 5, 8], "texture": "#0"},
				"down": {"uv": [8.75, 6, 8, 7.5], "texture": "#0"}
			}
		},
		{
			"from": [6.79038, 5.05, -0.14038],
			"to": [7.49038, 5.9, 1.95962],
			"rotation": {"angle": 22.5, "axis": "y", "origin": [7.14038, 5.475, 1.40962]},
			"faces": {
				"north": {"uv": [14, 2.5, 14.25, 3], "texture": "#0"},
				"east": {"uv": [4.5, 10.5, 5.5, 11], "texture": "#0"},
				"south": {"uv": [3, 14, 3.25, 14.5], "texture": "#0"},
				"west": {"uv": [10.5, 4.5, 11.5, 5], "texture": "#0"},
				"up": {"uv": [9.75, 13.5, 9.5, 12.5], "texture": "#0"},
				"down": {"uv": [12.75, 10, 12.5, 11], "texture": "#0"}
			}
		},
		{
			"from": [7.05, 5.05, 1.05],
			"to": [8.15, 5.9, 1.75],
			"rotation": {"angle": -45, "axis": "y", "origin": [7.6, 5.475, 0.95]},
			"faces": {
				"north": {"uv": [5.5, 9.5, 6, 10], "texture": "#0"},
				"east": {"uv": [14, 3, 14.25, 3.5], "texture": "#0"},
				"south": {"uv": [1, 10.5, 1.5, 11], "texture": "#0"},
				"west": {"uv": [3.5, 14, 3.75, 14.5], "texture": "#0"},
				"up": {"uv": [14.5, 3.75, 14, 3.5], "texture": "#0"},
				"down": {"uv": [4.5, 14, 4, 14.25], "texture": "#0"}
			}
		},
		{
			"from": [6.59038, 5.05, 1.05962],
			"to": [8.69038, 5.9, 1.75962],
			"rotation": {"angle": -22.5, "axis": "y", "origin": [7.14038, 5.475, 1.40962]},
			"faces": {
				"north": {"uv": [10.5, 5.5, 11.5, 6], "texture": "#0"},
				"east": {"uv": [14, 4, 14.25, 4.5], "texture": "#0"},
				"south": {"uv": [10.5, 7, 11.5, 7.5], "texture": "#0"},
				"west": {"uv": [4.5, 14, 4.75, 14.5], "texture": "#0"},
				"up": {"uv": [13.5, 11.25, 12.5, 11], "texture": "#0"},
				"down": {"uv": [12.5, 12.5, 11.5, 12.75], "texture": "#0"}
			}
		},
		{
			"from": [6.79038, 5.05, -2.05962],
			"to": [7.49038, 5.9, 0.04038],
			"rotation": {"angle": -22.5, "axis": "y", "origin": [7.14038, 5.475, -1.50962]},
			"faces": {
				"north": {"uv": [14, 4.5, 14.25, 5], "texture": "#0"},
				"east": {"uv": [10.5, 7.5, 11.5, 8], "texture": "#0"},
				"south": {"uv": [5, 14, 5.25, 14.5], "texture": "#0"},
				"west": {"uv": [8, 10.5, 9, 11], "texture": "#0"},
				"up": {"uv": [12.75, 13.5, 12.5, 12.5], "texture": "#0"},
				"down": {"uv": [1.75, 13, 1.5, 14], "texture": "#0"}
			}
		},
		{
			"from": [7.05, 5.05, -2.05],
			"to": [8.15, 5.9, -1.15],
			"rotation": {"angle": 45, "axis": "y", "origin": [7.6, 5.475, -1.05]},
			"faces": {
				"north": {"uv": [5.5, 10.5, 6, 11], "texture": "#0"},
				"east": {"uv": [13, 0, 13.5, 0.5], "texture": "#0"},
				"south": {"uv": [13, 1.5, 13.5, 2], "texture": "#0"},
				"west": {"uv": [2, 13, 2.5, 13.5], "texture": "#0"},
				"up": {"uv": [13.5, 2.5, 13, 2], "texture": "#0"},
				"down": {"uv": [3, 13, 2.5, 13.5], "texture": "#0"}
			}
		},
		{
			"from": [6.59038, 5.05, -1.85962],
			"to": [8.69038, 5.9, -1.15962],
			"rotation": {"angle": 22.5, "axis": "y", "origin": [7.14038, 5.475, -1.50962]},
			"faces": {
				"north": {"uv": [9, 10.5, 10, 11], "texture": "#0"},
				"east": {"uv": [14, 5, 14.25, 5.5], "texture": "#0"},
				"south": {"uv": [10.5, 9, 11.5, 9.5], "texture": "#0"},
				"west": {"uv": [5.5, 14, 5.75, 14.5], "texture": "#0"},
				"up": {"uv": [14, 2.75, 13, 2.5], "texture": "#0"},
				"down": {"uv": [14, 3, 13, 3.25], "texture": "#0"}
			}
		},
		{
			"from": [9.28462, 5.05, -0.11538],
			"to": [9.68462, 5.9, 1.93462],
			"rotation": {"angle": -22.5, "axis": "y", "origin": [9.63462, 5.475, 1.40962]},
			"faces": {
				"north": {"uv": [14, 5.5, 14.25, 6], "texture": "#0"},
				"east": {"uv": [10.5, 9.5, 11.5, 10], "texture": "#0"},
				"south": {"uv": [6, 14, 6.25, 14.5], "texture": "#0"},
				"west": {"uv": [10, 10.5, 11, 11], "texture": "#0"},
				"up": {"uv": [3.75, 14, 3.5, 13], "texture": "#0"},
				"down": {"uv": [5.75, 13, 5.5, 14], "texture": "#0"}
			}
		},
		{
			"from": [8.65, 5.05, 1.05],
			"to": [9.9, 5.9, 1.75],
			"rotation": {"angle": 45, "axis": "y", "origin": [9.175, 5.475, 0.95]},
			"faces": {
				"north": {"uv": [11.5, 5.5, 12.25, 6], "texture": "#0"},
				"east": {"uv": [14, 6, 14.25, 6.5], "texture": "#0"},
				"south": {"uv": [11.5, 7, 12.25, 7.5], "texture": "#0"},
				"west": {"uv": [6.5, 14, 6.75, 14.5], "texture": "#0"},
				"up": {"uv": [7.75, 13.75, 7, 13.5], "texture": "#0"},
				"down": {"uv": [8.75, 13.5, 8, 13.75], "texture": "#0"}
			}
		},
		{
			"from": [7.73891, 5.05, 1.34749],
			"to": [8.98891, 5.9, 2.04749],
			"rotation": {"angle": 0, "axis": "y", "origin": [9.56391, 5.475, 1.19749]},
			"faces": {
				"north": {"uv": [11.5, 7.5, 12.25, 8], "texture": "#0"},
				"east": {"uv": [14, 6.5, 14.25, 7], "texture": "#0"},
				"south": {"uv": [8, 11.5, 8.75, 12], "texture": "#0"},
				"west": {"uv": [7, 14, 7.25, 14.5], "texture": "#0"},
				"up": {"uv": [9.75, 13.75, 9, 13.5], "texture": "#0"},
				"down": {"uv": [14.25, 9, 13.5, 9.25], "texture": "#0"}
			}
		},
		{
			"from": [7.73891, 5.05, -2.15251],
			"to": [8.98891, 5.9, -1.45251],
			"rotation": {"angle": 0, "axis": "y", "origin": [9.56391, 5.475, 1.19749]},
			"faces": {
				"north": {"uv": [11.5, 9, 12.25, 9.5], "texture": "#0"},
				"east": {"uv": [14, 7, 14.25, 7.5], "texture": "#0"},
				"south": {"uv": [11.5, 9.5, 12.25, 10], "texture": "#0"},
				"west": {"uv": [7.5, 14, 7.75, 14.5], "texture": "#0"},
				"up": {"uv": [14.25, 9.75, 13.5, 9.5], "texture": "#0"},
				"down": {"uv": [10.75, 13.5, 10, 13.75], "texture": "#0"}
			}
		},
		{
			"from": [6.8, 5.05, -0.67751],
			"to": [7.1, 5.9, 0.57249],
			"rotation": {"angle": 0, "axis": "y", "origin": [8.36391, 5.475, -1.80251]},
			"faces": {
				"north": {"uv": [14, 7.5, 14.25, 8], "texture": "#0"},
				"east": {"uv": [10, 11.5, 10.75, 12], "texture": "#0"},
				"south": {"uv": [8, 14, 8.25, 14.5], "texture": "#0"},
				"west": {"uv": [11, 11.5, 11.75, 12], "texture": "#0"},
				"up": {"uv": [13.75, 10.75, 13.5, 10], "texture": "#0"},
				"down": {"uv": [11.25, 13.5, 11, 14.25], "texture": "#0"}
			}
		},
		{
			"from": [9.71391, 5.05, -0.67751],
			"to": [10.11391, 5.9, 0.57249],
			"rotation": {"angle": 0, "axis": "y", "origin": [8.36391, 5.475, -1.80251]},
			"faces": {
				"north": {"uv": [14, 8, 14.25, 8.5], "texture": "#0"},
				"east": {"uv": [0, 12, 0.75, 12.5], "texture": "#0"},
				"south": {"uv": [8.5, 14, 8.75, 14.5], "texture": "#0"},
				"west": {"uv": [12, 0, 12.75, 0.5], "texture": "#0"},
				"up": {"uv": [13.75, 11.75, 13.5, 11], "texture": "#0"},
				"down": {"uv": [11.75, 13.5, 11.5, 14.25], "texture": "#0"}
			}
		},
		{
			"from": [8.10962, 5.05, 1.05962],
			"to": [10.15962, 5.9, 1.75962],
			"rotation": {"angle": 22.5, "axis": "y", "origin": [9.63462, 5.475, 1.40962]},
			"faces": {
				"north": {"uv": [0, 11, 1, 11.5], "texture": "#0"},
				"east": {"uv": [14, 8.5, 14.25, 9], "texture": "#0"},
				"south": {"uv": [1, 11, 2, 11.5], "texture": "#0"},
				"west": {"uv": [9, 14, 9.25, 14.5], "texture": "#0"},
				"up": {"uv": [14, 6.25, 13, 6], "texture": "#0"},
				"down": {"uv": [14, 6.5, 13, 6.75], "texture": "#0"}
			}
		},
		{
			"from": [8.10962, 5.05, -1.85962],
			"to": [10.15962, 5.9, -1.15962],
			"rotation": {"angle": -22.5, "axis": "y", "origin": [9.63462, 5.475, -1.50962]},
			"faces": {
				"north": {"uv": [11, 1.5, 12, 2], "texture": "#0"},
				"east": {"uv": [9.5, 14, 9.75, 14.5], "texture": "#0"},
				"south": {"uv": [2, 11, 3, 11.5], "texture": "#0"},
				"west": {"uv": [10, 14, 10.25, 14.5], "texture": "#0"},
				"up": {"uv": [14, 8.25, 13, 8], "texture": "#0"},
				"down": {"uv": [14, 8.5, 13, 8.75], "texture": "#0"}
			}
		},
		{
			"from": [8.65, 5.05, -2.05],
			"to": [9.7, 5.9, -1.15],
			"rotation": {"angle": -45, "axis": "y", "origin": [9.175, 5.475, -1.05]},
			"faces": {
				"north": {"uv": [13, 9, 13.5, 9.5], "texture": "#0"},
				"east": {"uv": [13, 9.5, 13.5, 10], "texture": "#0"},
				"south": {"uv": [13, 10, 13.5, 10.5], "texture": "#0"},
				"west": {"uv": [13, 10.5, 13.5, 11], "texture": "#0"},
				"up": {"uv": [12, 13.5, 11.5, 13], "texture": "#0"},
				"down": {"uv": [12.5, 13, 12, 13.5], "texture": "#0"}
			}
		},
		{
			"from": [9.80711, 5.05, -1.09393],
			"to": [9.95711, 5.9, -0.79393],
			"rotation": {"angle": 0, "axis": "y", "origin": [9.88211, 5.475, -0.94393]},
			"faces": {
				"north": {"uv": [14, 10, 14.25, 10.5], "texture": "#0"},
				"east": {"uv": [10.5, 14, 10.75, 14.5], "texture": "#0"},
				"south": {"uv": [14, 10.5, 14.25, 11], "texture": "#0"},
				"west": {"uv": [14, 11, 14.25, 11.5], "texture": "#0"},
				"up": {"uv": [14.75, 0.75, 14.5, 0.5], "texture": "#0"},
				"down": {"uv": [1.25, 14.5, 1, 14.75], "texture": "#0"}
			}
		},
		{
			"from": [9.28462, 5.05, -2.03462],
			"to": [9.68462, 5.9, 0.01538],
			"rotation": {"angle": 22.5, "axis": "y", "origin": [9.63462, 5.475, -1.50962]},
			"faces": {
				"north": {"uv": [14, 11.5, 14.25, 12], "texture": "#0"},
				"east": {"uv": [11, 2, 12, 2.5], "texture": "#0"},
				"south": {"uv": [14, 12, 14.25, 12.5], "texture": "#0"},
				"west": {"uv": [11, 2.5, 12, 3], "texture": "#0"},
				"up": {"uv": [13.25, 13, 13, 12], "texture": "#0"},
				"down": {"uv": [13.25, 13, 13, 14], "texture": "#0"}
			}
		},
		{
			"from": [9.95, 5.05, -1.65],
			"to": [10.3, 5.9, 1.55],
			"rotation": {"angle": 0, "axis": "y", "origin": [0, -5.5, 0]},
			"faces": {
				"north": {"uv": [12.5, 14, 12.75, 14.5], "texture": "#0"},
				"east": {"uv": [9, 7, 10.5, 7.5], "texture": "#0"},
				"south": {"uv": [14, 12.5, 14.25, 13], "texture": "#0"},
				"west": {"uv": [9, 7.5, 10.5, 8], "texture": "#0"},
				"up": {"uv": [5.75, 13, 5.5, 11.5], "texture": "#0"},
				"down": {"uv": [1.25, 12, 1, 13.5], "texture": "#0"}
			}
		},
		{
			"from": [5.2, 5.05, -2.45],
			"to": [10.3, 5.9, -1.65],
			"rotation": {"angle": 0, "axis": "y", "origin": [0, -5.5, 0]},
			"faces": {
				"north": {"uv": [7.5, 1.5, 10, 2], "texture": "#0"},
				"east": {"uv": [13.5, 0, 14, 0.5], "texture": "#0"},
				"south": {"uv": [7.5, 2, 10, 2.5], "texture": "#0"},
				"west": {"uv": [1, 13.5, 1.5, 14], "texture": "#0"},
				"up": {"uv": [10, 3, 7.5, 2.5], "texture": "#0"},
				"down": {"uv": [10, 3, 7.5, 3.5], "texture": "#0"}
			}
		},
		{
			"from": [8.45, 5.05, -2.6],
			"to": [9.925, 5.9, -0.5],
			"rotation": {"angle": 22.5, "axis": "y", "origin": [5.2, 5.475, -2.4]},
			"faces": {
				"north": {"uv": [1.5, 12, 2.25, 12.5], "texture": "#0"},
				"east": {"uv": [3, 11, 4, 11.5], "texture": "#0"},
				"south": {"uv": [12, 1.5, 12.75, 2], "texture": "#0"},
				"west": {"uv": [11, 3, 12, 3.5], "texture": "#0"},
				"up": {"uv": [8.75, 10, 8, 9], "texture": "#0"},
				"down": {"uv": [9.75, 8, 9, 9], "texture": "#0"}
			}
		},
		{
			"from": [5.2, 5.05, -5.9],
			"to": [8.4, 5.9, -2.9],
			"rotation": {"angle": -22.5, "axis": "y", "origin": [5.2, 5.475, -2.4]},
			"faces": {
				"north": {"uv": [9, 9, 10.5, 9.5], "texture": "#0"},
				"east": {"uv": [1, 9.5, 2.5, 10], "texture": "#0"},
				"south": {"uv": [2.5, 9.5, 4, 10], "texture": "#0"},
				"west": {"uv": [4, 9.5, 5.5, 10], "texture": "#0"},
				"up": {"uv": [4.5, 8, 3, 6.5], "texture": "#0"},
				"down": {"uv": [6, 6.5, 4.5, 8], "texture": "#0"}
			}
		},
		{
			"from": [5.2, 5.05, -5.65],
			"to": [6.55, 5.9, -2.4],
			"rotation": {"angle": 0, "axis": "y", "origin": [5.2, 5.475, -2.4]},
			"faces": {
				"north": {"uv": [12, 2, 12.75, 2.5], "texture": "#0"},
				"east": {"uv": [9, 9.5, 10.5, 10], "texture": "#0"},
				"south": {"uv": [2.5, 12, 3.25, 12.5], "texture": "#0"},
				"west": {"uv": [0, 10, 1.5, 10.5], "texture": "#0"},
				"up": {"uv": [8.75, 9, 8, 7.5], "texture": "#0"},
				"down": {"uv": [0.75, 8.5, 0, 10], "texture": "#0"}
			}
		},
		{
			"from": [4.675, 5.05, -5.65],
			"to": [5.525, 5.9, -4.2],
			"rotation": {"angle": 0, "axis": "y", "origin": [5.2, 5.475, -2.4]},
			"faces": {
				"north": {"uv": [13.5, 1.5, 14, 2], "texture": "#0"},
				"east": {"uv": [12, 2.5, 12.75, 3], "texture": "#0"},
				"south": {"uv": [2, 13.5, 2.5, 14], "texture": "#0"},
				"west": {"uv": [12, 3, 12.75, 3.5], "texture": "#0"},
				"up": {"uv": [4, 12.75, 3.5, 12], "texture": "#0"},
				"down": {"uv": [12.5, 4, 12, 4.75], "texture": "#0"}
			}
		},
		{
			"from": [5.2, 5.05, -5.6],
			"to": [5.95, 5.9, -2.4],
			"rotation": {"angle": 22.5, "axis": "y", "origin": [5.2, 5.475, -2.4]},
			"faces": {
				"north": {"uv": [13, 14, 13.25, 14.5], "texture": "#0"},
				"east": {"uv": [10, 0.5, 11.5, 1], "texture": "#0"},
				"south": {"uv": [14, 13, 14.25, 13.5], "texture": "#0"},
				"west": {"uv": [10, 1, 11.5, 1.5], "texture": "#0"},
				"up": {"uv": [4.75, 13.5, 4.5, 12], "texture": "#0"},
				"down": {"uv": [5.25, 12, 5, 13.5], "texture": "#0"}
			}
		},
		{
			"from": [5.2, 5.05, 11.1],
			"to": [7.8, 5.9, 15.6],
			"rotation": {"angle": 0, "axis": "y", "origin": [0, -5.5, 0]},
			"faces": {
				"north": {"uv": [3.5, 10, 4.75, 10.5], "texture": "#0"},
				"east": {"uv": [1, 8.5, 3.25, 9], "texture": "#0"},
				"south": {"uv": [10, 3.5, 11.25, 4], "texture": "#0"},
				"west": {"uv": [1, 9, 3.25, 9.5], "texture": "#0"},
				"up": {"uv": [1.25, 7.75, 0, 5.5], "texture": "#0"},
				"down": {"uv": [2.75, 5.5, 1.5, 7.75], "texture": "#0"}
			}
		},
		{
			"from": [7.41, 5.06, 12.56],
			"to": [7.89, 5.89, 14.14],
			"rotation": {"angle": 0, "axis": "y", "origin": [8.75, 5.475, 13.35]},
			"faces": {
				"north": {"uv": [13.5, 14, 13.75, 14.5], "texture": "#0"},
				"east": {"uv": [12, 6, 12.75, 6.5], "texture": "#0"},
				"south": {"uv": [14, 13.5, 14.25, 14], "texture": "#0"},
				"west": {"uv": [12, 6.5, 12.75, 7], "texture": "#0"},
				"up": {"uv": [12.25, 14.25, 12, 13.5], "texture": "#0"},
				"down": {"uv": [13.75, 12, 13.5, 12.75], "texture": "#0"}
			}
		},
		{
			"from": [6.87, 5.07, 10.82],
			"to": [8.73, 5.88, 12.08],
			"rotation": {"angle": 45, "axis": "y", "origin": [7.8, 5.475, 11]},
			"faces": {
				"north": {"uv": [4, 11, 5, 11.5], "texture": "#0"},
				"east": {"uv": [8, 12, 8.75, 12.5], "texture": "#0"},
				"south": {"uv": [5, 11, 6, 11.5], "texture": "#0"},
				"west": {"uv": [12, 8, 12.75, 8.5], "texture": "#0"},
				"up": {"uv": [2.5, 10.75, 1.5, 10], "texture": "#0"},
				"down": {"uv": [11, 1.5, 10, 2.25], "texture": "#0"}
			}
		},
		{
			"from": [7.15322, 5.08, 11.31744],
			"to": [8.09322, 5.87, 13.15744],
			"rotation": {"angle": -22.5, "axis": "y", "origin": [7.62322, 5.475, 12.23744]},
			"faces": {
				"north": {"uv": [13.5, 2, 14, 2.5], "texture": "#0"},
				"east": {"uv": [8, 11, 9, 11.5], "texture": "#0"},
				"south": {"uv": [2.5, 13.5, 3, 14], "texture": "#0"},
				"west": {"uv": [11, 8, 12, 8.5], "texture": "#0"},
				"up": {"uv": [9.5, 12, 9, 11], "texture": "#0"},
				"down": {"uv": [10, 11, 9.5, 12], "texture": "#0"}
			}
		},
		{
			"from": [8.09744, 5.06, 10.33322],
			"to": [9.97744, 5.89, 11.31322],
			"rotation": {"angle": 22.5, "axis": "y", "origin": [9.03744, 5.475, 10.82322]},
			"faces": {
				"north": {"uv": [11, 8.5, 12, 9], "texture": "#0"},
				"east": {"uv": [3, 13.5, 3.5, 14], "texture": "#0"},
				"south": {"uv": [10, 11, 11, 11.5], "texture": "#0"},
				"west": {"uv": [4, 13.5, 4.5, 14], "texture": "#0"},
				"up": {"uv": [12, 10.5, 11, 10], "texture": "#0"},
				"down": {"uv": [12, 10.5, 11, 11], "texture": "#0"}
			}
		},
		{
			"from": [8.34418, 5.06, 15.0737],
			"to": [10.22418, 5.89, 16.0537],
			"rotation": {"angle": -22.5, "axis": "y", "origin": [8.39566, 5.475, 15.09566]},
			"faces": {
				"north": {"uv": [11, 11, 12, 11.5], "texture": "#0"},
				"east": {"uv": [4.5, 13.5, 5, 14], "texture": "#0"},
				"south": {"uv": [0, 11.5, 1, 12], "texture": "#0"},
				"west": {"uv": [5, 13.5, 5.5, 14], "texture": "#0"},
				"up": {"uv": [12.5, 1, 11.5, 0.5], "texture": "#0"},
				"down": {"uv": [2, 11.5, 1, 12], "texture": "#0"}
			}
		},
		{
			"from": [7.37327, 5.07, 14.16566],
			"to": [8.63327, 5.88, 16.02566],
			"rotation": {"angle": 45, "axis": "y", "origin": [8.39566, 5.475, 15.09566]},
			"faces": {
				"north": {"uv": [12, 8.5, 12.75, 9], "texture": "#0"},
				"east": {"uv": [11.5, 1, 12.5, 1.5], "texture": "#0"},
				"south": {"uv": [9, 12, 9.75, 12.5], "texture": "#0"},
				"west": {"uv": [2, 11.5, 3, 12], "texture": "#0"},
				"up": {"uv": [3.25, 11, 2.5, 10], "texture": "#0"},
				"down": {"uv": [10.75, 2.5, 10, 3.5], "texture": "#0"}
			}
		},
		{
			"from": [7.45762, 5.08, 13.28713],
			"to": [8.39762, 5.87, 15.12713],
			"rotation": {"angle": 22.5, "axis": "y", "origin": [8.39566, 5.475, 15.09566]},
			"faces": {
				"north": {"uv": [6, 13.5, 6.5, 14], "texture": "#0"},
				"east": {"uv": [3, 11.5, 4, 12], "texture": "#0"},
				"south": {"uv": [6.5, 13.5, 7, 14], "texture": "#0"},
				"west": {"uv": [11.5, 3.5, 12.5, 4], "texture": "#0"},
				"up": {"uv": [4.5, 12.5, 4, 11.5], "texture": "#0"},
				"down": {"uv": [12, 4, 11.5, 5], "texture": "#0"}
			}
		},
		{
			"from": [5.2, 5.05, 15.6],
			"to": [10.3, 5.9, 18.1],
			"rotation": {"angle": 0, "axis": "y", "origin": [0, -5.5, 0]},
			"faces": {
				"north": {"uv": [0, 8, 2.5, 8.5], "texture": "#0"},
				"east": {"uv": [10, 4, 11.25, 4.5], "texture": "#0"},
				"south": {"uv": [2.5, 8, 5, 8.5], "texture": "#0"},
				"west": {"uv": [10, 5, 11.25, 5.5], "texture": "#0"},
				"up": {"uv": [7.5, 1.75, 5, 0.5], "texture": "#0"},
				"down": {"uv": [7.5, 2, 5, 3.25], "texture": "#0"}
			}
		},
		{
			"from": [10.2, 5.5, 15.3],
			"to": [10.9, 5.5, 18.1],
			"rotation": {"angle": 0, "axis": "y", "origin": [0, -5.4, 0]},
			"faces": {
				"north": {"uv": [0, 0, 0.25, 0], "texture": "#0"},
				"east": {"uv": [0, 0, 1.5, 0], "texture": "#0"},
				"south": {"uv": [0, 0, 0.25, 0], "texture": "#0"},
				"west": {"uv": [0, 0, 1.5, 0], "texture": "#0"},
				"up": {"uv": [10.25, 13.5, 10, 12], "texture": "#0"},
				"down": {"uv": [12.25, 10, 12, 11.5], "texture": "#0"}
			}
		},
		{
			"from": [10.15, 5.5, -4.97],
			"to": [10.85, 5.5, -2.17],
			"rotation": {"angle": 22.5, "axis": "y", "origin": [10.3, 5.5, -2.4]},
			"faces": {
				"north": {"uv": [0, 0, 0.25, 0], "texture": "#0"},
				"east": {"uv": [0, 0, 1.5, 0], "texture": "#0"},
				"south": {"uv": [0, 0, 0.25, 0], "texture": "#0"},
				"west": {"uv": [0, 0, 1.5, 0], "texture": "#0"},
				"up": {"uv": [10.75, 13.5, 10.5, 12], "texture": "#0"},
				"down": {"uv": [11.25, 12, 11, 13.5], "texture": "#0"}
			}
		},
		{
			"from": [6.07, 5.5, -4.603],
			"to": [8.87, 5.5, -3.903],
			"rotation": {"angle": -22.5, "axis": "y", "origin": [10.3, 5.5, -2.4]},
			"faces": {
				"north": {"uv": [0, 0, 1.5, 0], "texture": "#0"},
				"east": {"uv": [0, 0, 0.25, 0], "texture": "#0"},
				"south": {"uv": [0, 0, 1.5, 0], "texture": "#0"},
				"west": {"uv": [0, 0, 0.25, 0], "texture": "#0"},
				"up": {"uv": [13, 12.25, 11.5, 12], "texture": "#0"},
				"down": {"uv": [13.5, 11.5, 12, 11.75], "texture": "#0"}
			}
		},
		{
			"from": [4.69, 5.5, -6.053],
			"to": [7.23, 5.5, -5.353],
			"rotation": {"angle": 0, "axis": "y", "origin": [10.3, 5.5, -2.4]},
			"faces": {
				"north": {"uv": [0, 0, 1.25, 0], "texture": "#0"},
				"east": {"uv": [0, 0, 0.25, 0], "texture": "#0"},
				"south": {"uv": [0, 0, 1.25, 0], "texture": "#0"},
				"west": {"uv": [0, 0, 0.25, 0], "texture": "#0"},
				"up": {"uv": [13.75, 7.25, 12.5, 7], "texture": "#0"},
				"down": {"uv": [13.75, 7.5, 12.5, 7.75], "texture": "#0"}
			}
		},
		{
			"from": [3.82, 5.5, -5.675],
			"to": [4.819, 5.5, -5.025],
			"rotation": {"angle": 45, "axis": "y", "origin": [4.29, 5.5, -5.703]},
			"faces": {
				"north": {"uv": [0, 0, 0.5, 0], "texture": "#0"},
				"east": {"uv": [0, 0, 0.25, 0], "texture": "#0"},
				"south": {"uv": [0, 0, 0.5, 0], "texture": "#0"},
				"west": {"uv": [0, 0, 0.25, 0], "texture": "#0"},
				"up": {"uv": [14.5, 14.25, 14, 14], "texture": "#0"},
				"down": {"uv": [0.5, 14.5, 0, 14.75], "texture": "#0"}
			}
		},
		{
			"from": [7.8, 5.5, 12.1],
			"to": [8.4, 5.5, 14.6],
			"rotation": {"angle": 0, "axis": "y", "origin": [0, -5.4, 0]},
			"faces": {
				"north": {"uv": [0, 0, 0.25, 0], "texture": "#0"},
				"east": {"uv": [0, 0, 1.25, 0], "texture": "#0"},
				"south": {"uv": [0, 0, 0.25, 0], "texture": "#0"},
				"west": {"uv": [0, 0, 1.25, 0], "texture": "#0"},
				"up": {"uv": [0.25, 13.75, 0, 12.5], "texture": "#0"},
				"down": {"uv": [0.75, 12.5, 0.5, 13.75], "texture": "#0"}
			}
		},
		{
			"from": [8.37, 5.5, 15.48],
			"to": [10.87, 5.5, 16.08],
			"rotation": {"angle": -22.5, "axis": "y", "origin": [10.6, 5.5, 15.6]},
			"faces": {
				"north": {"uv": [0, 0, 1.25, 0], "texture": "#0"},
				"east": {"uv": [0, 0, 0.25, 0], "texture": "#0"},
				"south": {"uv": [0, 0, 1.25, 0], "texture": "#0"},
				"west": {"uv": [0, 0, 0.25, 0], "texture": "#0"},
				"up": {"uv": [13.75, 0.75, 12.5, 0.5], "texture": "#0"},
				"down": {"uv": [13.75, 1, 12.5, 1.25], "texture": "#0"}
			}
		},
		{
			"from": [6.62034, 5.5, 13.86417],
			"to": [9.12034, 5.5, 14.46417],
			"rotation": {"angle": -45, "axis": "y", "origin": [7.87034, 5.5, 14.66417]},
			"faces": {
				"north": {"uv": [0, 0, 1.25, 0], "texture": "#0"},
				"east": {"uv": [0, 0, 0.25, 0], "texture": "#0"},
				"south": {"uv": [0, 0, 1.25, 0], "texture": "#0"},
				"west": {"uv": [0, 0, 0.25, 0], "texture": "#0"},
				"up": {"uv": [2.75, 12.75, 1.5, 12.5], "texture": "#0"},
				"down": {"uv": [13.75, 3.5, 12.5, 3.75], "texture": "#0"}
			}
		},
		{
			"from": [6.62456, 5.5, 12.22892],
			"to": [9.12456, 5.5, 12.82892],
			"rotation": {"angle": 45, "axis": "y", "origin": [7.87456, 5.5, 12.02892]},
			"faces": {
				"north": {"uv": [0, 0, 1.25, 0], "texture": "#0"},
				"east": {"uv": [0, 0, 0.25, 0], "texture": "#0"},
				"south": {"uv": [0, 0, 1.25, 0], "texture": "#0"},
				"west": {"uv": [0, 0, 0.25, 0], "texture": "#0"},
				"up": {"uv": [13.75, 4.25, 12.5, 4], "texture": "#0"},
				"down": {"uv": [13.75, 4.5, 12.5, 4.75], "texture": "#0"}
			}
		},
		{
			"from": [8.3, 5.5, 10.6],
			"to": [10.8, 5.5, 11.2],
			"rotation": {"angle": 22.5, "axis": "y", "origin": [10.6, 5.5, 10.9]},
			"faces": {
				"north": {"uv": [0, 0, 1.25, 0], "texture": "#0"},
				"east": {"uv": [0, 0, 0.25, 0], "texture": "#0"},
				"south": {"uv": [0, 0, 1.25, 0], "texture": "#0"},
				"west": {"uv": [0, 0, 0.25, 0], "texture": "#0"},
				"up": {"uv": [13.75, 5.25, 12.5, 5], "texture": "#0"},
				"down": {"uv": [13.75, 5.5, 12.5, 5.75], "texture": "#0"}
			}
		},
		{
			"from": [10.2, 5.5, -2.4],
			"to": [10.9, 5.5, 11.4],
			"rotation": {"angle": 0, "axis": "y", "origin": [0, -5.4, 0]},
			"faces": {
				"north": {"uv": [0, 0, 0.25, 0], "texture": "#0"},
				"east": {"uv": [0, 0, 7, 0], "texture": "#0"},
				"south": {"uv": [0, 0, 0.25, 0], "texture": "#0"},
				"west": {"uv": [0, 0, 7, 0], "texture": "#0"},
				"up": {"uv": [6.25, 13.5, 6, 6.5], "texture": "#0"},
				"down": {"uv": [6.75, 6.5, 6.5, 13.5], "texture": "#0"}
			}
		},
		{
			"from": [7.4, 5.05, 18.5],
			"to": [8.1, 5.9, 32],
			"rotation": {"angle": 0, "axis": "y", "origin": [0, -5.5, 0]},
			"faces": {
				"north": {"uv": [12.5, 13.5, 12.75, 14], "texture": "#0"},
				"east": {"uv": [0, 5, 6.75, 5.5], "texture": "#0"},
				"south": {"uv": [13.5, 13, 13.75, 13.5], "texture": "#0"},
				"west": {"uv": [5, 0, 11.75, 0.5], "texture": "#0"},
				"up": {"uv": [7.25, 13.25, 7, 6.5], "texture": "#0"},
				"down": {"uv": [7.75, 6.5, 7.5, 13.25], "texture": "#0"}
			}
		},
		{
			"from": [7.35, 5, 20.1],
			"to": [8.15, 5.95, 22.2],
			"rotation": {"angle": 0, "axis": "y", "origin": [0, -5.5, 0]},
			"faces": {
				"north": {"uv": [13.5, 13.5, 13.75, 14], "texture": "#0"},
				"east": {"uv": [10, 8, 11, 8.5], "texture": "#0"},
				"south": {"uv": [0, 14, 0.25, 14.5], "texture": "#0"},
				"west": {"uv": [10, 8.5, 11, 9], "texture": "#0"},
				"up": {"uv": [3.25, 13.5, 3, 12.5], "texture": "#0"},
				"down": {"uv": [4.25, 12.5, 4, 13.5], "texture": "#0"}
			}
		},
		{
			"from": [7.35, 5, 18.35],
			"to": [8.15, 5.95, 18.7],
			"rotation": {"angle": 0, "axis": "y", "origin": [0, -5.5, 0]},
			"faces": {
				"north": {"uv": [14, 0, 14.25, 0.5], "texture": "#0"},
				"east": {"uv": [0.5, 14, 0.75, 14.5], "texture": "#0"},
				"south": {"uv": [14, 0.5, 14.25, 1], "texture": "#0"},
				"west": {"uv": [1, 14, 1.25, 14.5], "texture": "#0"},
				"up": {"uv": [14.75, 0.25, 14.5, 0], "texture": "#0"},
				"down": {"uv": [0.75, 14.5, 0.5, 14.75], "texture": "#0"}
			}
		},
		{
			"from": [7.35, 5, 24.1],
			"to": [8.15, 5.95, 26.2],
			"rotation": {"angle": 0, "axis": "y", "origin": [0, -5.5, 0]},
			"faces": {
				"north": {"uv": [14, 1, 14.25, 1.5], "texture": "#0"},
				"east": {"uv": [9, 10, 10, 10.5], "texture": "#0"},
				"south": {"uv": [1.5, 14, 1.75, 14.5], "texture": "#0"},
				"west": {"uv": [10, 10, 11, 10.5], "texture": "#0"},
				"up": {"uv": [8.25, 13.5, 8, 12.5], "texture": "#0"},
				"down": {"uv": [8.75, 12.5, 8.5, 13.5], "texture": "#0"}
			}
		},
		{
			"from": [7.35, 5, 28.1],
			"to": [8.15, 5.95, 30.2],
			"rotation": {"angle": 0, "axis": "y", "origin": [0, -5.5, 0]},
			"faces": {
				"north": {"uv": [14, 1.5, 14.25, 2], "texture": "#0"},
				"east": {"uv": [0, 10.5, 1, 11], "texture": "#0"},
				"south": {"uv": [2, 14, 2.25, 14.5], "texture": "#0"},
				"west": {"uv": [3.5, 10.5, 4.5, 11], "texture": "#0"},
				"up": {"uv": [9.25, 13.5, 9, 12.5], "texture": "#0"},
				"down": {"uv": [12.75, 9, 12.5, 10], "texture": "#0"}
			}
		},
		{
			"from": [4.97495, 5.02495, 18.07495],
			"to": [11.12505, 5.92505, 18.62505],
			"rotation": {"angle": 0, "axis": "y", "origin": [0, -5.5, 0]},
			"faces": {
				"north": {"uv": [5, 4.5, 8, 5], "texture": "#0"},
				"east": {"uv": [14, 2, 14.25, 2.5], "texture": "#0"},
				"south": {"uv": [7, 5, 10, 5.5], "texture": "#0"},
				"west": {"uv": [2.5, 14, 2.75, 14.5], "texture": "#0"},
				"up": {"uv": [12, 6.25, 9, 6], "texture": "#0"},
				"down": {"uv": [12, 6.5, 9, 6.75], "texture": "#0"}
			}
		},
		{
			"from": [5.775, 4.975, 16.275],
			"to": [9.725, 5.975, 18.625],
			"rotation": {"angle": 0, "axis": "y", "origin": [0, -5.5, 0]},
			"faces": {
				"north": {"uv": [8, 4.5, 10.25, 5], "texture": "#0"},
				"east": {"uv": [5, 10, 6, 10.5], "texture": "#0"},
				"south": {"uv": [8, 5.5, 10.25, 6], "texture": "#0"},
				"west": {"uv": [8, 10, 9, 10.5], "texture": "#0"},
				"up": {"uv": [5.25, 6.5, 3, 5.5], "texture": "#0"},
				"down": {"uv": [7.75, 5.5, 5.5, 6.5], "texture": "#0"}
			}
		}
	],
	"display": {
		"thirdperson_righthand": {
			"rotation": [89.26, 0.27, -89.3],
			"translation": [1.75, 12.75, 0.5]
		},
		"thirdperson_lefthand": {
			"rotation": [89.26, 0.27, 89.3],
			"translation": [-3.25, 12.75, 0.5]
		},
		"firstperson_righthand": {
			"rotation": [101, -4.82, -105]
		},
		"firstperson_lefthand": {
			"rotation": [90.42, -2.44, 81.31],
			"translation": [-1.25, 0.75, 0]
		},
		"ground": {
			"rotation": [-35.1, -4.87, -20.09],
			"translation": [0, 6.75, 0]
		},
		"gui": {
			"rotation": [90, -42.25, -180],
			"translation": [1.5, 2.25, 0],
			"scale": [0.65, 0.65, 0.65]
		},
		"head": {
			"rotation": [165.88, 5.3, 90.38],
			"translation": [-4, 6.25, -4.75],
			"scale": [1.6, 1.6, 1.6]
		},
		"fixed": {
			"rotation": [90, 43, 0],
			"translation": [-2.75, 3.75, 2.25]
		}
	}
}