{
	"credit": "Made with Blockbench",
	"texture_size": [32, 32],
	"textures": {
		"12": "kusanagi_texture",
		"particle": "kusanagi_texture"
	},
	"elements": [
		{
			"from": [7.55, 0, 7.1512],
			"to": [8.25, 6.3, 8.8482],
			"faces": {
				"north": {"uv": [3, 3.5, 3.375, 6.625], "texture": "#12"},
				"east": {"uv": [2, 0, 2.875, 3.125], "texture": "#12"},
				"south": {"uv": [3.5, 3.5, 3.875, 6.625], "texture": "#12"},
				"west": {"uv": [3, 0, 3.875, 3.125], "texture": "#12"},
				"up": {"uv": [4.375, 0.875, 4, 0], "texture": "#12"},
				"down": {"uv": [4.375, 1, 4, 1.875], "texture": "#12"}
			}
		},
		{
			"from": [7.8, 6.3, 7.4],
			"to": [8, 26.496, 8.6],
			"faces": {
				"north": {"uv": [2, 3.5, 2.125, 13.625], "texture": "#12"},
				"east": {"uv": [0, 0, 0.625, 10.125], "texture": "#12"},
				"south": {"uv": [2.5, 3.5, 2.625, 13.625], "texture": "#12"},
				"west": {"uv": [1, 0, 1.625, 10.125], "texture": "#12"},
				"up": {"uv": [4.625, 4.625, 4.5, 4], "texture": "#12"},
				"down": {"uv": [5.125, 1, 5, 1.625], "texture": "#12"}
			}
		},
		{
			"from": [7.8, 26.49, 7.4],
			"to": [8, 27.105, 7.9],
			"faces": {
				"north": {"uv": [5.5, 0.5, 5.625, 0.75], "texture": "#12"},
				"east": {"uv": [4, 5, 4.25, 5.25], "texture": "#12"},
				"south": {"uv": [5.5, 1, 5.625, 1.25], "texture": "#12"},
				"west": {"uv": [5, 4, 5.25, 4.25], "texture": "#12"},
				"up": {"uv": [5.625, 1.75, 5.5, 1.5], "texture": "#12"},
				"down": {"uv": [5.625, 2, 5.5, 2.25], "texture": "#12"}
			}
		},
		{
			"from": [7.8, 27.103, 7.4],
			"to": [8, 27.203, 7.8],
			"faces": {
				"north": {"uv": [5.5, 6, 5.625, 6.125], "texture": "#12"},
				"east": {"uv": [4.5, 5, 4.75, 5.125], "texture": "#12"},
				"south": {"uv": [6, 5.5, 6.125, 5.625], "texture": "#12"},
				"west": {"uv": [5, 4.5, 5.25, 4.625], "texture": "#12"},
				"up": {"uv": [5.125, 5.25, 5, 5], "texture": "#12"},
				"down": {"uv": [5.625, 0, 5.5, 0.25], "texture": "#12"}
			}
		},
		{
			"from": [7.8, 27.2, 7.4],
			"to": [8, 27.405, 7.6],
			"faces": {
				"north": {"uv": [4, 6, 4.125, 6.125], "texture": "#12"},
				"east": {"uv": [6, 4, 6.125, 4.125], "texture": "#12"},
				"south": {"uv": [4.5, 6, 4.625, 6.125], "texture": "#12"},
				"west": {"uv": [6, 4.5, 6.125, 4.625], "texture": "#12"},
				"up": {"uv": [5.125, 6.125, 5, 6], "texture": "#12"},
				"down": {"uv": [6.125, 5, 6, 5.125], "texture": "#12"}
			}
		},
		{
			"from": [7.8, 27.2, 7.5],
			"to": [8, 27.3, 7.7],
			"faces": {
				"north": {"uv": [6, 1, 6.125, 1.125], "texture": "#12"},
				"east": {"uv": [6, 1.5, 6.125, 1.625], "texture": "#12"},
				"south": {"uv": [6, 2, 6.125, 2.125], "texture": "#12"},
				"west": {"uv": [6, 2.5, 6.125, 2.625], "texture": "#12"},
				"up": {"uv": [6.125, 3.125, 6, 3], "texture": "#12"},
				"down": {"uv": [6.125, 3.5, 6, 3.625], "texture": "#12"}
			}
		},
		{
			"from": [7.795, 27.404, 7.4],
			"to": [8.005, 27.618, 7.478],
			"faces": {
				"north": {"uv": [5.5, 4.5, 5.625, 4.625], "texture": "#12"},
				"east": {"uv": [5, 5.5, 5.125, 5.625], "texture": "#12"},
				"south": {"uv": [5.5, 5, 5.625, 5.125], "texture": "#12"},
				"west": {"uv": [5.5, 5.5, 5.625, 5.625], "texture": "#12"},
				"up": {"uv": [6.125, 0.125, 6, 0], "texture": "#12"},
				"down": {"uv": [6.125, 0.5, 6, 0.625], "texture": "#12"}
			}
		},
		{
			"from": [7.8, 26.55, 7.85],
			"to": [8, 26.85, 8.85],
			"rotation": {"angle": 45, "axis": "x", "origin": [7.9, 27.3, 8.15]},
			"faces": {
				"north": {"uv": [5.5, 4, 5.625, 4.125], "texture": "#12"},
				"east": {"uv": [5, 2, 5.5, 2.125], "texture": "#12"},
				"south": {"uv": [4.5, 5.5, 4.625, 5.625], "texture": "#12"},
				"west": {"uv": [5, 2.5, 5.5, 2.625], "texture": "#12"},
				"up": {"uv": [5.125, 3.5, 5, 3], "texture": "#12"},
				"down": {"uv": [5.125, 3.5, 5, 4], "texture": "#12"}
			}
		},
		{
			"from": [7.795, 26.95, 7.45],
			"to": [8.005, 27.05, 9.037],
			"rotation": {"angle": 45, "axis": "x", "origin": [7.9, 27.3, 8.15]},
			"faces": {
				"north": {"uv": [5.5, 3.5, 5.625, 3.625], "texture": "#12"},
				"east": {"uv": [4.5, 0, 5.25, 0.125], "texture": "#12"},
				"south": {"uv": [4, 5.5, 4.125, 5.625], "texture": "#12"},
				"west": {"uv": [4.5, 0.5, 5.25, 0.625], "texture": "#12"},
				"up": {"uv": [4.625, 1.75, 4.5, 1], "texture": "#12"},
				"down": {"uv": [4.625, 3, 4.5, 3.75], "texture": "#12"}
			}
		},
		{
			"from": [7.795, 26.851, 7.55],
			"to": [8.005, 26.951, 9.05],
			"rotation": {"angle": 45, "axis": "x", "origin": [7.9, 27.3, 8.15]},
			"faces": {
				"north": {"uv": [5.5, 2.5, 5.625, 2.625], "texture": "#12"},
				"east": {"uv": [4, 2, 4.75, 2.125], "texture": "#12"},
				"south": {"uv": [5.5, 3, 5.625, 3.125], "texture": "#12"},
				"west": {"uv": [4, 2.5, 4.75, 2.625], "texture": "#12"},
				"up": {"uv": [4.125, 3.75, 4, 3], "texture": "#12"},
				"down": {"uv": [4.125, 4, 4, 4.75], "texture": "#12"}
			}
		}
	],
	"display": {
		"thirdperson_righthand": {
			"rotation": [-174, 3.67, 175.82],
			"translation": [-0.75, 3, 1.75]
		},
		"thirdperson_lefthand": {
			"rotation": [-174, 3.67, 175.82],
			"translation": [-0.75, 3, 1.75]
		},
		"firstperson_righthand": {
			"rotation": [156.88, 4.42, -174.51],
			"translation": [1.5, 1.5, -0.25]
		},
		"firstperson_lefthand": {
			"rotation": [156.88, 4.42, -174.51],
			"translation": [1.5, 1.5, -0.25]
		},
		"ground": {
			"rotation": [67.26, -39.86, 158.91],
			"translation": [1.25, 0.75, 5.25]
		},
		"gui": {
			"rotation": [88.14, 47, -85.24],
			"translation": [-2.75, -3, 0],
			"scale": [1, 0.73, 0.73]
		},
		"head": {
			"rotation": [150.12, -8.28, 94.16],
			"translation": [7.25, -1, -1],
			"scale": [1.5, 1.5, 1.5]
		},
		"fixed": {
			"rotation": [88.17, -44.5, 89.2],
			"translation": [4, -4.25, 0.75]
		}
	}
}