{
	"credit": "Made with Blockbench",
	"texture_size": [32, 32],
	"textures": {
		"14": "kusanagiscabbard_texturered"
	},
	"elements": [
		{
			"from": [7.55, 0, 7.1512],
			"to": [8.25, 6.3, 8.8482],
			"faces": {
				"north": {"uv": [7, 0, 7.375, 3.125], "texture": "#14"},
				"east": {"uv": [5, 0, 5.875, 3.125], "texture": "#14"},
				"south": {"uv": [7, 3.5, 7.375, 6.625], "texture": "#14"},
				"west": {"uv": [5, 3.5, 5.875, 6.625], "texture": "#14"},
				"up": {"uv": [5.375, 7.875, 5, 7], "texture": "#14"},
				"down": {"uv": [5.875, 7, 5.5, 7.875], "texture": "#14"}
			}
		},
		{
			"from": [7.55, 6.35, 7.1512],
			"to": [8.25, 27.85, 8.8482],
			"faces": {
				"north": {"uv": [4, 0, 4.375, 10.75], "texture": "#14"},
				"east": {"uv": [0, 0, 0.875, 10.75], "texture": "#14"},
				"south": {"uv": [4.5, 0, 4.875, 10.75], "texture": "#14"},
				"west": {"uv": [1, 0, 1.875, 10.75], "texture": "#14"},
				"up": {"uv": [7.375, 7.875, 7, 7], "texture": "#14"},
				"down": {"uv": [7.875, 0, 7.5, 0.875], "texture": "#14"}
			}
		},
		{
			"from": [7.8, 6.3, 7.4],
			"to": [8, 26.496, 8.6],
			"faces": {
				"north": {"uv": [6, 0, 6.125, 10.125], "texture": "#14"},
				"east": {"uv": [2, 0, 2.625, 10.125], "texture": "#14"},
				"south": {"uv": [6.5, 0, 6.625, 10.125], "texture": "#14"},
				"west": {"uv": [3, 0, 3.625, 10.125], "texture": "#14"},
				"up": {"uv": [7.625, 7.625, 7.5, 7], "texture": "#14"},
				"down": {"uv": [8.125, 0, 8, 0.625], "texture": "#14"}
			}
		},
		{
			"from": [7.8, 26.49, 7.4],
			"to": [8, 27.105, 7.9],
			"faces": {
				"north": {"uv": [5.5, 8, 5.625, 8.25], "texture": "#14"},
				"east": {"uv": [8, 2, 8.25, 2.25], "texture": "#14"},
				"south": {"uv": [8, 5.5, 8.125, 5.75], "texture": "#14"},
				"west": {"uv": [8, 2.5, 8.25, 2.75], "texture": "#14"},
				"up": {"uv": [8.125, 6.25, 8, 6], "texture": "#14"},
				"down": {"uv": [8.125, 6.5, 8, 6.75], "texture": "#14"}
			}
		},
		{
			"from": [7.8, 27.103, 7.4],
			"to": [8, 27.203, 7.8],
			"faces": {
				"north": {"uv": [8, 8, 8.125, 8.125], "texture": "#14"},
				"east": {"uv": [7, 8, 7.25, 8.125], "texture": "#14"},
				"south": {"uv": [8.5, 0, 8.625, 0.125], "texture": "#14"},
				"west": {"uv": [8, 7, 8.25, 7.125], "texture": "#14"},
				"up": {"uv": [7.625, 8.25, 7.5, 8], "texture": "#14"},
				"down": {"uv": [8.125, 7.5, 8, 7.75], "texture": "#14"}
			}
		},
		{
			"from": [7.8, 27.2, 7.4],
			"to": [8, 27.405, 7.6],
			"faces": {
				"north": {"uv": [8.5, 0.5, 8.625, 0.625], "texture": "#14"},
				"east": {"uv": [8.5, 1, 8.625, 1.125], "texture": "#14"},
				"south": {"uv": [8.5, 1.5, 8.625, 1.625], "texture": "#14"},
				"west": {"uv": [8.5, 2, 8.625, 2.125], "texture": "#14"},
				"up": {"uv": [8.625, 2.625, 8.5, 2.5], "texture": "#14"},
				"down": {"uv": [8.625, 3, 8.5, 3.125], "texture": "#14"}
			}
		},
		{
			"from": [7.8, 27.2, 7.5],
			"to": [8, 27.3, 7.7],
			"faces": {
				"north": {"uv": [8.5, 3.5, 8.625, 3.625], "texture": "#14"},
				"east": {"uv": [8.5, 4, 8.625, 4.125], "texture": "#14"},
				"south": {"uv": [8.5, 4.5, 8.625, 4.625], "texture": "#14"},
				"west": {"uv": [5, 8.5, 5.125, 8.625], "texture": "#14"},
				"up": {"uv": [8.625, 5.125, 8.5, 5], "texture": "#14"},
				"down": {"uv": [5.625, 8.5, 5.5, 8.625], "texture": "#14"}
			}
		},
		{
			"from": [7.795, 27.404, 7.4],
			"to": [8.005, 27.618, 7.478],
			"faces": {
				"north": {"uv": [8.5, 5.5, 8.625, 5.625], "texture": "#14"},
				"east": {"uv": [8.5, 6, 8.625, 6.125], "texture": "#14"},
				"south": {"uv": [8.5, 6.5, 8.625, 6.625], "texture": "#14"},
				"west": {"uv": [7, 8.5, 7.125, 8.625], "texture": "#14"},
				"up": {"uv": [8.625, 7.125, 8.5, 7], "texture": "#14"},
				"down": {"uv": [7.625, 8.5, 7.5, 8.625], "texture": "#14"}
			}
		},
		{
			"from": [7.8, 26.55, 7.85],
			"to": [8, 26.85, 8.85],
			"rotation": {"angle": 45, "axis": "x", "origin": [7.9, 27.3, 8.15]},
			"faces": {
				"north": {"uv": [8.5, 7.5, 8.625, 7.625], "texture": "#14"},
				"east": {"uv": [8, 3, 8.5, 3.125], "texture": "#14"},
				"south": {"uv": [8, 8.5, 8.125, 8.625], "texture": "#14"},
				"west": {"uv": [8, 3.5, 8.5, 3.625], "texture": "#14"},
				"up": {"uv": [5.125, 8.5, 5, 8], "texture": "#14"},
				"down": {"uv": [8.125, 5, 8, 5.5], "texture": "#14"}
			}
		},
		{
			"from": [7.795, 26.95, 7.45],
			"to": [8.005, 27.05, 9.037],
			"rotation": {"angle": 45, "axis": "x", "origin": [7.9, 27.3, 8.15]},
			"faces": {
				"north": {"uv": [8.5, 8, 8.625, 8.125], "texture": "#14"},
				"east": {"uv": [7.5, 1, 8.25, 1.125], "texture": "#14"},
				"south": {"uv": [8.5, 8.5, 8.625, 8.625], "texture": "#14"},
				"west": {"uv": [7.5, 1.5, 8.25, 1.625], "texture": "#14"},
				"up": {"uv": [7.625, 2.75, 7.5, 2], "texture": "#14"},
				"down": {"uv": [7.625, 3, 7.5, 3.75], "texture": "#14"}
			}
		},
		{
			"from": [7.795, 26.851, 7.55],
			"to": [8.005, 26.951, 9.05],
			"rotation": {"angle": 45, "axis": "x", "origin": [7.9, 27.3, 8.15]},
			"faces": {
				"north": {"uv": [9, 0, 9.125, 0.125], "texture": "#14"},
				"east": {"uv": [7.5, 4, 8.25, 4.125], "texture": "#14"},
				"south": {"uv": [9, 0.5, 9.125, 0.625], "texture": "#14"},
				"west": {"uv": [7.5, 4.5, 8.25, 4.625], "texture": "#14"},
				"up": {"uv": [7.625, 5.75, 7.5, 5], "texture": "#14"},
				"down": {"uv": [7.625, 6, 7.5, 6.75], "texture": "#14"}
			}
		}
	],
	"display": {
		"thirdperson_righthand": {
			"rotation": [6.61, -4.04, 178.75],
			"translation": [-0.5, 0.75, 1.5]
		},
		"thirdperson_lefthand": {
			"rotation": [6.61, -4.04, 178.75],
			"translation": [-0.5, 0.75, 1.5]
		},
		"firstperson_righthand": {
			"rotation": [-13.87, 4.42, -174.51],
			"translation": [1.5, 1.5, -0.25]
		},
		"firstperson_lefthand": {
			"rotation": [-13.87, 4.42, -174.51],
			"translation": [1.5, 1.5, -0.25]
		},
		"ground": {
			"rotation": [67.26, -39.86, 158.91],
			"translation": [1.25, 0.75, 5.25]
		},
		"gui": {
			"rotation": [88.14, -135, -85.24],
			"translation": [3, 3.09, 0],
			"scale": [1, 0.73, 0.73]
		},
		"head": {
			"rotation": [-4.5, 0, 90],
			"translation": [6.5, -4.25, -6.97],
			"scale": [1.5, 1.5, 1.5]
		},
		"fixed": {
			"rotation": [-90, 45, 90],
			"translation": [4.135, -4.135, -0.5],
			"scale": [1.8, 1, 1]
		}
	}
}